id,title,date,link
1,Radar Tracks Space Objects from Japanese Ship," April 15, 2024",https://www.defenseadvancement.com/news/radar-tracks-space-objects-from-japanese-ship/
2,infiniDome Launches New Subsidiary," April 15, 2024",https://www.defenseadvancement.com/news/infinidome-launches-new-subsidiary/
3,Key Milestone on Moonraker MOSA Space Payload Program," April 15, 2024",https://www.defenseadvancement.com/news/key-milestone-on-moonraker-mosa-space-payload-program/
4,CUAS High Energy Laser Systems Support for U.S. Army," April 12, 2024",https://www.defenseadvancement.com/news/cuas-high-energy-laser-systems-support-for-u-s-army/
5,SATCOM Ground System Excels in Military Trials," April 12, 2024",https://www.defenseadvancement.com/news/satcom-ground-system-excels-in-military-trials/
6,Mobile Coastal Security & Awareness Platforms to be Developed for the US Air Force," April 12, 2024",https://www.defenseadvancement.com/news/mobile-coastal-security-awareness-platforms-to-be-developed-for-the-us-air-force/
7,Military Drone Collaboration for Maritime Defense and Security," April 12, 2024",https://www.defenseadvancement.com/news/military-drone-collaboration-for-maritime-defense-and-security/
8,Battle Exercise Demonstrations for Simultaneous Command and Control Software," April 11, 2024",https://www.defenseadvancement.com/news/battle-exercise-demonstrations-for-simultaneous-command-and-control-software/
9,High-Voltage GaN Load Switch for High-Reliability Applications," April 11, 2024",https://www.defenseadvancement.com/news/high-voltage-gan-load-switch-for-high-reliability-applications/
10,Kraus Hamdani Aerospace to Provide the U.S. Navy with Solar-Electric Group 2 UAS," April 11, 2024",https://www.defenseadvancement.com/news/kraus-hamdani-aerospace-to-provide-the-u-s-navy-with-solar-electric-group-2-uas/
11,MORA-Aligned System Live Demo at Spring Technology Expo," April 11, 2024",https://www.defenseadvancement.com/news/mora-aligned-system-live-demo-at-spring-technology-expo/
12,Radar Tracks Space Objects from Japanese Ship," April 15, 2024",https://www.defenseadvancement.com/news/radar-tracks-space-objects-from-japanese-ship/
13,infiniDome Launches New Subsidiary," April 15, 2024",https://www.defenseadvancement.com/news/infinidome-launches-new-subsidiary/
14,Key Milestone on Moonraker MOSA Space Payload Program," April 15, 2024",https://www.defenseadvancement.com/news/key-milestone-on-moonraker-mosa-space-payload-program/
15,CUAS High Energy Laser Systems Support for U.S. Army," April 12, 2024",https://www.defenseadvancement.com/news/cuas-high-energy-laser-systems-support-for-u-s-army/
16,SATCOM Ground System Excels in Military Trials," April 12, 2024",https://www.defenseadvancement.com/news/satcom-ground-system-excels-in-military-trials/
17,Mobile Coastal Security & Awareness Platforms to be Developed for the US Air Force," April 12, 2024",https://www.defenseadvancement.com/news/mobile-coastal-security-awareness-platforms-to-be-developed-for-the-us-air-force/
18,Military Drone Collaboration for Maritime Defense and Security," April 12, 2024",https://www.defenseadvancement.com/news/military-drone-collaboration-for-maritime-defense-and-security/
19,Battle Exercise Demonstrations for Simultaneous Command and Control Software," April 11, 2024",https://www.defenseadvancement.com/news/battle-exercise-demonstrations-for-simultaneous-command-and-control-software/
20,High-Voltage GaN Load Switch for High-Reliability Applications," April 11, 2024",https://www.defenseadvancement.com/news/high-voltage-gan-load-switch-for-high-reliability-applications/
21,Kraus Hamdani Aerospace to Provide the U.S. Navy with Solar-Electric Group 2 UAS," April 11, 2024",https://www.defenseadvancement.com/news/kraus-hamdani-aerospace-to-provide-the-u-s-navy-with-solar-electric-group-2-uas/
22,MORA-Aligned System Live Demo at Spring Technology Expo," April 11, 2024",https://www.defenseadvancement.com/news/mora-aligned-system-live-demo-at-spring-technology-expo/
23,Radar Tracks Space Objects from Japanese Ship," April 15, 2024",https://www.defenseadvancement.com/news/radar-tracks-space-objects-from-japanese-ship/
24,infiniDome Launches New Subsidiary," April 15, 2024",https://www.defenseadvancement.com/news/infinidome-launches-new-subsidiary/
25,Key Milestone on Moonraker MOSA Space Payload Program," April 15, 2024",https://www.defenseadvancement.com/news/key-milestone-on-moonraker-mosa-space-payload-program/
26,CUAS High Energy Laser Systems Support for U.S. Army," April 12, 2024",https://www.defenseadvancement.com/news/cuas-high-energy-laser-systems-support-for-u-s-army/
27,SATCOM Ground System Excels in Military Trials," April 12, 2024",https://www.defenseadvancement.com/news/satcom-ground-system-excels-in-military-trials/
28,Mobile Coastal Security & Awareness Platforms to be Developed for the US Air Force," April 12, 2024",https://www.defenseadvancement.com/news/mobile-coastal-security-awareness-platforms-to-be-developed-for-the-us-air-force/
29,Military Drone Collaboration for Maritime Defense and Security," April 12, 2024",https://www.defenseadvancement.com/news/military-drone-collaboration-for-maritime-defense-and-security/
30,Battle Exercise Demonstrations for Simultaneous Command and Control Software," April 11, 2024",https://www.defenseadvancement.com/news/battle-exercise-demonstrations-for-simultaneous-command-and-control-software/
31,High-Voltage GaN Load Switch for High-Reliability Applications," April 11, 2024",https://www.defenseadvancement.com/news/high-voltage-gan-load-switch-for-high-reliability-applications/
32,Kraus Hamdani Aerospace to Provide the U.S. Navy with Solar-Electric Group 2 UAS," April 11, 2024",https://www.defenseadvancement.com/news/kraus-hamdani-aerospace-to-provide-the-u-s-navy-with-solar-electric-group-2-uas/
33,MORA-Aligned System Live Demo at Spring Technology Expo," April 11, 2024",https://www.defenseadvancement.com/news/mora-aligned-system-live-demo-at-spring-technology-expo/
34,Radar Tracks Space Objects from Japanese Ship," April 15, 2024",https://www.defenseadvancement.com/news/radar-tracks-space-objects-from-japanese-ship/
35,infiniDome Launches New Subsidiary," April 15, 2024",https://www.defenseadvancement.com/news/infinidome-launches-new-subsidiary/
36,Key Milestone on Moonraker MOSA Space Payload Program," April 15, 2024",https://www.defenseadvancement.com/news/key-milestone-on-moonraker-mosa-space-payload-program/
37,CUAS High Energy Laser Systems Support for U.S. Army," April 12, 2024",https://www.defenseadvancement.com/news/cuas-high-energy-laser-systems-support-for-u-s-army/
38,SATCOM Ground System Excels in Military Trials," April 12, 2024",https://www.defenseadvancement.com/news/satcom-ground-system-excels-in-military-trials/
39,Mobile Coastal Security & Awareness Platforms to be Developed for the US Air Force," April 12, 2024",https://www.defenseadvancement.com/news/mobile-coastal-security-awareness-platforms-to-be-developed-for-the-us-air-force/
40,Military Drone Collaboration for Maritime Defense and Security," April 12, 2024",https://www.defenseadvancement.com/news/military-drone-collaboration-for-maritime-defense-and-security/
41,Battle Exercise Demonstrations for Simultaneous Command and Control Software," April 11, 2024",https://www.defenseadvancement.com/news/battle-exercise-demonstrations-for-simultaneous-command-and-control-software/
42,High-Voltage GaN Load Switch for High-Reliability Applications," April 11, 2024",https://www.defenseadvancement.com/news/high-voltage-gan-load-switch-for-high-reliability-applications/
43,Kraus Hamdani Aerospace to Provide the U.S. Navy with Solar-Electric Group 2 UAS," April 11, 2024",https://www.defenseadvancement.com/news/kraus-hamdani-aerospace-to-provide-the-u-s-navy-with-solar-electric-group-2-uas/
44,MORA-Aligned System Live Demo at Spring Technology Expo," April 11, 2024",https://www.defenseadvancement.com/news/mora-aligned-system-live-demo-at-spring-technology-expo/
45,Radar Tracks Space Objects from Japanese Ship," April 15, 2024",https://www.defenseadvancement.com/news/radar-tracks-space-objects-from-japanese-ship/
46,infiniDome Launches New Subsidiary," April 15, 2024",https://www.defenseadvancement.com/news/infinidome-launches-new-subsidiary/
47,Key Milestone on Moonraker MOSA Space Payload Program," April 15, 2024",https://www.defenseadvancement.com/news/key-milestone-on-moonraker-mosa-space-payload-program/
48,CUAS High Energy Laser Systems Support for U.S. Army," April 12, 2024",https://www.defenseadvancement.com/news/cuas-high-energy-laser-systems-support-for-u-s-army/
49,SATCOM Ground System Excels in Military Trials," April 12, 2024",https://www.defenseadvancement.com/news/satcom-ground-system-excels-in-military-trials/
50,Mobile Coastal Security & Awareness Platforms to be Developed for the US Air Force," April 12, 2024",https://www.defenseadvancement.com/news/mobile-coastal-security-awareness-platforms-to-be-developed-for-the-us-air-force/
51,Military Drone Collaboration for Maritime Defense and Security," April 12, 2024",https://www.defenseadvancement.com/news/military-drone-collaboration-for-maritime-defense-and-security/
52,Battle Exercise Demonstrations for Simultaneous Command and Control Software," April 11, 2024",https://www.defenseadvancement.com/news/battle-exercise-demonstrations-for-simultaneous-command-and-control-software/
53,High-Voltage GaN Load Switch for High-Reliability Applications," April 11, 2024",https://www.defenseadvancement.com/news/high-voltage-gan-load-switch-for-high-reliability-applications/
54,Kraus Hamdani Aerospace to Provide the U.S. Navy with Solar-Electric Group 2 UAS," April 11, 2024",https://www.defenseadvancement.com/news/kraus-hamdani-aerospace-to-provide-the-u-s-navy-with-solar-electric-group-2-uas/
55,MORA-Aligned System Live Demo at Spring Technology Expo," April 11, 2024",https://www.defenseadvancement.com/news/mora-aligned-system-live-demo-at-spring-technology-expo/
